Title,Views,Date,Duration
SIDEMEN CHRISTMAS COOK OFF,4.7M views,3 days ago,1:40:58
SIDEMEN POP THE BALLOON,9.5M views,10 days ago,1:44:59
SIDEMEN AMONG US IN REAL LIFE: CHAOS MODE EDITION,5.5M views,2 weeks ago,1:17:26
"SIDEMEN $40,000 vs $400 HOLIDAY (EUROPE EDITION 2)",12M views,3 weeks ago,Potential Delays or Dynamic Loading
GUESS THE PRICE OR DO A FORFEIT,5M views,1 month ago,Potential Delays or Dynamic Loading
SIDEMEN ABANDONED IN EUROPE 2,9M views,1 month ago,Potential Delays or Dynamic Loading
SIDEMEN FORFEIT FOOT GOLF,6.7M views,1 month ago,Potential Delays or Dynamic Loading
SIDEMEN YOUTUBER PUB QUIZ,7.3M views,1 month ago,Potential Delays or Dynamic Loading
SIDEMEN FOOD TRUCK ROAD TRIP,8.5M views,1 month ago,Potential Delays or Dynamic Loading
"SIDEMEN SPEND $100,000 ON EACH OTHER: FORFEIT EDITION",9.4M views,2 months ago,Potential Delays or Dynamic Loading
SIDEMEN AMONG US IN REAL LIFE JESTER EDITION,8.6M views,2 months ago,Potential Delays or Dynamic Loading
SIDEMEN ULTIMATE CALORIE BATTLE,7.2M views,2 months ago,Potential Delays or Dynamic Loading
SIDEMEN HIDE & SEEK IN THE UK’S BIGGEST MALL,7.6M views,2 months ago,Potential Delays or Dynamic Loading
We Bought 10 Abandoned Storage Units and Made $______,13M views,3 months ago,Potential Delays or Dynamic Loading
GUESS THE CRIMINAL,6.9M views,3 months ago,Potential Delays or Dynamic Loading
SIDEMEN LAST TO LEAVE THE FOOTBALL PITCH,8.5M views,3 months ago,Potential Delays or Dynamic Loading
SIDEMEN COME DINE WITH ME (2024 EDITION),6.8M views,3 months ago,Potential Delays or Dynamic Loading
SIDEMEN ONE MILLION POUND DROP (IRL CHALLENGE EDITION),5.9M views,4 months ago,Potential Delays or Dynamic Loading
We Raced Across The World's Richest Country in 24 Hours,10M views,4 months ago,Potential Delays or Dynamic Loading
"SIDEMEN $1 vs $10,000 MYSTERY BOX",7.5M views,4 months ago,Potential Delays or Dynamic Loading
"SIDEMEN £1,000 BOAT CHALLENGE",7.1M views,4 months ago,Potential Delays or Dynamic Loading
How Many Countries Can You Visit in 24 Hours?,11M views,4 months ago,Potential Delays or Dynamic Loading
SIDEMEN MOST EXPENSIVE CAR CHALLENGE,11M views,5 months ago,Potential Delays or Dynamic Loading
SIDEMEN ULTIMATE HIDE & SEEK ON AN ISLAND vs 40 YOUTUBERS,14M views,5 months ago,Potential Delays or Dynamic Loading
SIDEMEN AMONG US IN REAL LIFE: KSI MASTERCLASS,9.4M views,5 months ago,1:47:29
We Opened The Most Chaotic Restaurant Ever,8.7M views,5 months ago,1:54:13
SIDEMEN SURVIVE THE FOREST FOR 24 HOURS,16M views,6 months ago,2:01:01
"SIDEMEN $1,000,000 REALITY SHOW: INSIDE FINAL",7.1M views,6 months ago,1:38:11
"SIDEMEN $1,000,000 REALITY SHOW: INSIDE EP. 1",14M views,6 months ago,2:07:22
SIDEMEN SURVIVE 24 HOURS IN UK’S MOST HAUNTED HOUSE,8.6M views,6 months ago,1:02:07
SIDEMEN HUNTED ACROSS THE UK,13M views,6 months ago,2:10:11
YOUTUBERS CONTROL WHAT SIDEMEN EAT FOR A DAY,10M views,7 months ago,1:19:39
"SIDEMEN $500,000 vs $500 MOBILE HOME ROAD TRIP",13M views,7 months ago,1:49:27
SIDEMEN AMONG US IRL: EMERGENCY MEETING EDITION,12M views,7 months ago,Potential Delays or Dynamic Loading
SIDEMEN HIDE & SEEK AT W2S HOUSE,10M views,7 months ago,Potential Delays or Dynamic Loading
WOULD I LIE TO YOU: SIDEMEN EDITION,7.9M views,8 months ago,Potential Delays or Dynamic Loading
"Last To Pee Wins $100,000",10M views,8 months ago,Potential Delays or Dynamic Loading
SIDEMEN BECOME MODELS FOR 24 HOURS,5.5M views,8 months ago,Potential Delays or Dynamic Loading
SIDEMEN STAY AT WORLD'S WEIRDEST AIRBNBS,9.5M views,8 months ago,Potential Delays or Dynamic Loading
"SIDEMEN $20,000 vs $200 WINTER HOLIDAY",34M views,9 months ago,Potential Delays or Dynamic Loading
How Far Can You Travel in 24 Hours,17M views,9 months ago,Potential Delays or Dynamic Loading
SIDEMEN GIANT BOX OF LIES,9.1M views,9 months ago,Potential Delays or Dynamic Loading
SIDEMEN YOU LAUGH YOU LOSE: IRL,12M views,9 months ago,Potential Delays or Dynamic Loading
SIDEMEN ABANDONED IN IRELAND CHALLENGE,11M views,10 months ago,Potential Delays or Dynamic Loading
THE CHASE: SIDEMEN EDITION,12M views,10 months ago,Potential Delays or Dynamic Loading
KIDS & GRANDPARENTS BRUTALLY RATE THE SIDEMEN,5.8M views,10 months ago,Potential Delays or Dynamic Loading
SIDEMEN EXTREME HOME MAKEOVER,8.5M views,10 months ago,Potential Delays or Dynamic Loading
SIDEMEN AMONG US COOKING CHALLENGE,10M views,10 months ago,Potential Delays or Dynamic Loading
20 WOMEN VS 2 SIDEMEN: ANGRY GINGE & DANNY AARONS EDITION,20M views,11 months ago,Potential Delays or Dynamic Loading
SIDEMEN vs 40 YOUTUBERS ULTIMATE HIDE & SEEK IN A STADIUM,15M views,11 months ago,Potential Delays or Dynamic Loading
THE GREATEST SIDEMEN MOMENTS 2023,4.4M views,11 months ago,45:36
"SIDEMEN $100,000 VS $100 CHRISTMAS MOVIE",6.6M views,11 months ago,1:18:47
SIDEMEN SPLIT OR STEAL 2,9.9M views,1 year ago,1:00:14
SIDEMEN WORLD'S HARDEST FOOD CHALLENGE,15M views,1 year ago,1:29:58
SIDEMEN BREAK THE WEIRDEST WORLD RECORDS,7.4M views,1 year ago,54:08
SIDEMEN MONOPOLY IN REAL LIFE 2,11M views,1 year ago,1:57:23
SIDEMEN WORLD'S HARDEST COOKING CHALLENGE,17M views,1 year ago,1:57:04
SIDEMEN WEAKEST LINK: FOLABI RETURNS,9.4M views,1 year ago,57:37
SIDEMEN SPILL YOUR GUTS OR FILL YOUR GUTS 2,10M views,1 year ago,1:09:32
"SIDEMEN $20,000 VS $20 PLANE TICKET",16M views,1 year ago,1:38:05
SIDEMEN 10 YEAR ANNIVERSARY MUKBANG,8.9M views,1 year ago,1:21:40
JEOPARDY: SIDEMEN EDITION 2,7M views,1 year ago,44:00
KSI & W2S CONTROL THE SIDEMEN FOR A DAY,12M views,1 year ago,1:30:15
20 WOMEN VS 1 SIDEMEN: SPEED EDITION,69M views,1 year ago,Potential Delays or Dynamic Loading
"SIDEMEN $100,000 MYSTERY BOX CHALLENGE (YOUTUBER EDITION)",12M views,1 year ago,Potential Delays or Dynamic Loading
SIDEMEN ALL SPORTS GOLF BATTLE (EUROPE EDITION),8.4M views,1 year ago,Potential Delays or Dynamic Loading
SIDEMEN CHARITY MATCH 2023 (Goals & Highlights),15M views,1 year ago,Potential Delays or Dynamic Loading
SIDEMEN DRUNK FISHING BATTLE,8.5M views,1 year ago,Potential Delays or Dynamic Loading
"SIDEMEN £1,000 CAR CHALLENGE",17M views,1 year ago,Potential Delays or Dynamic Loading
SIDEMEN VS YOUTUBE ALLSTARS FOOTBALL CHALLENGE,9.3M views,1 year ago,Potential Delays or Dynamic Loading
"SIDEMEN $30,000 VS $30 HOTEL (EUROPE EDITION)",17M views,1 year ago,Potential Delays or Dynamic Loading
SIDEMEN ROAD TRIP: WORLD'S BIGGEST VS SMALLEST CAR,22M views,1 year ago,Potential Delays or Dynamic Loading
SIDEMEN REVERSE 20 VS 1: TANA MONGEAU EDITION,12M views,1 year ago,Potential Delays or Dynamic Loading
SIDEMEN FORFEIT WHEEL OF FORTUNE,12M views,1 year ago,Potential Delays or Dynamic Loading
SIDEMEN BECOME FARMERS FOR 24 HOURS,8.7M views,1 year ago,Potential Delays or Dynamic Loading
"SIDEMEN $100,000 MYSTERY BOX CHALLENGE",13M views,1 year ago,Potential Delays or Dynamic Loading
SIDEMEN HIDE & SEEK IN A ZOO,10M views,1 year ago,Potential Delays or Dynamic Loading
SIDEMEN DEAL OR NOT A DEAL,5.9M views,1 year ago,Potential Delays or Dynamic Loading
SIDEMEN MEME OLYMPICS IN PUBLIC,8.9M views,1 year ago,Potential Delays or Dynamic Loading
SIDEMEN BRUTALLY RATE YOUTUBERS,13M views,1 year ago,Potential Delays or Dynamic Loading
SIDEMEN ULTIMATE BACHELOR PARTY,8.2M views,1 year ago,Potential Delays or Dynamic Loading
SIDEMEN'S GOT TALENT: YOUTUBER EDITION,10M views,1 year ago,Potential Delays or Dynamic Loading
20 WOMEN VS 1 SIDEMEN: DEJI EDITION,14M views,1 year ago,Potential Delays or Dynamic Loading
"SIDEMEN $300,000 VS $300 ROAD TRIP (EUROPE EDITION)",17M views,1 year ago,Potential Delays or Dynamic Loading
SIDEMEN 7 STAR VS 1 STAR HOTEL (KSI EDITION),11M views,1 year ago,1:20:31
SIDEMEN VISIT WORLD’S WEIRDEST RESTAURANTS,9.4M views,1 year ago,1:08:22
SIDEMEN ELECTRIC SHOCK HIDE & SEEK,9.7M views,1 year ago,45:46
SIDEMEN EXTREME HOT VS COLD CAMPING,12M views,1 year ago,1:20:22
"SIDEMEN $100,000 ANCIENT VS FUTURISTIC HOLIDAY",11M views,1 year ago,1:14:55
SIDEMEN THROW A DART AND GO WHERE IT LANDS (EUROPE EDITION),8.3M views,1 year ago,47:26
SIDEMEN TRY NOT TO MOVE CHALLENGE,19M views,1 year ago,41:06
SIDEMEN HIDE & SEEK IN MINI EUROPE,7.2M views,1 year ago,26:09
SIDEMEN ABANDONED IN THE DESERT CHALLENGE,11M views,1 year ago,53:45
THE ROAST OF THE SIDEMEN 2,25M views,1 year ago,Potential Delays or Dynamic Loading
SIDEMEN STAY AT WORLD'S WEIRDEST HOTELS,15M views,1 year ago,Potential Delays or Dynamic Loading
SIDEMEN BRUTALLY RATE THEMSELVES,20M views,1 year ago,Potential Delays or Dynamic Loading
SIDEMEN VS BETA SQUAD AMONG US IN REAL LIFE,20M views,1 year ago,Potential Delays or Dynamic Loading
20 WOMEN VS 1 SIDEMEN: KAI CENAT EDITION,72M views,1 year ago,Potential Delays or Dynamic Loading
SIDEMEN RACE ACROSS A COUNTRY (EUROPE EDITION),11M views,1 year ago,Potential Delays or Dynamic Loading
"SIDEMEN $100,000,000 WATERPARK HIDE & SEEK",14M views,1 year ago,Potential Delays or Dynamic Loading
THE GREATEST SIDEMEN MOMENTS 2022,5.8M views,1 year ago,Potential Delays or Dynamic Loading
"SIDEMEN $20,000 vs $200 CHRISTMAS DAY",12M views,1 year ago,Potential Delays or Dynamic Loading
"SIDEMEN $20,000 BIG FAT QUIZ OF THE YEAR",7.3M views,2 years ago,Potential Delays or Dynamic Loading
SIDEMEN EXTREME CHRISTMAS COOK OFF,9.2M views,2 years ago,Potential Delays or Dynamic Loading
"SIDEMEN $100,000 vs $100 CHRISTMAS SONG",11M views,2 years ago,Potential Delays or Dynamic Loading
"SIDEMEN $10,000 VS $10 FOOTBALL MATCH",14M views,2 years ago,Potential Delays or Dynamic Loading
"SIDEMEN $100,000,000 SUPERYACHT HIDE AND SEEK",11M views,2 years ago,Potential Delays or Dynamic Loading
SIDEMEN A-Z CALORIE CHALLENGE,10M views,2 years ago,Potential Delays or Dynamic Loading
SIDEMEN EXTREME JAPANESE GAMESHOWS,17M views,2 years ago,53:10
SIDEMEN OLD vs YOUNG FOR 24 HOURS CHALLENGE,9.7M views,2 years ago,42:25
SIDEMEN FORFEIT BLIND DATE,23M views,2 years ago,41:06
"SIDEMEN VS MR BEAST $1,000,000 CHALLENGE",39M views,2 years ago,25:40
SIDEMEN HIDE & SEEK IN WORLD’S BIGGEST THEATRE,11M views,2 years ago,34:10
SIDEMEN SWAP LIVES FOR 24 HOURS,14M views,2 years ago,1:05:38
SIDEMEN CHARITY MATCH 2022 (Goals & Highlights),21M views,2 years ago,16:42
WHO IS THE BEST SIDEMEN FOOTBALL PLAYER?,11M views,2 years ago,52:46
20 WOMEN VS 1 SIDEMEN: LOGAN PAUL EDITION,25M views,2 years ago,54:19
"SIDEMEN $100,000 HOT vs COLD MUKBANG",8.2M views,2 years ago,1:00:11
SIDEMEN TRAIN LIKE KSI FOR 24 HOURS,11M views,2 years ago,53:56
"SIDEMEN EUROPE 100,000 CALORIE CHALLENGE",23M views,2 years ago,1:35:22
"SIDEMEN $100,000 VS $100 ROAD TRIP (USA EDITION)",33M views,2 years ago,1:44:31
SIDEMEN HIDE AND SEEK IN A SCHOOL,17M views,2 years ago,46:47
"SIDEMEN $100,000 vs $100 HOLIDAY (USA EDITION)",52M views,2 years ago,2:09:08
SIDEMEN TINDER IN REAL LIFE 4 (USA YOUTUBE EDITION),59M views,2 years ago,39:37
"SIDEMEN $100,000 ESCAPE ROOM CHALLENGE",12M views,2 years ago,Potential Delays or Dynamic Loading
SIDEMEN HOLE IN THE WALL,21M views,2 years ago,Potential Delays or Dynamic Loading
20 WOMEN VS 1 SIDEMEN: JIDION EDITION,20M views,2 years ago,Potential Delays or Dynamic Loading
POINTLESS: SIDEMEN EDITION,9.2M views,2 years ago,Potential Delays or Dynamic Loading
"SIDEMEN $20,000 vs $200 BIRTHDAY PARTY",13M views,2 years ago,Potential Delays or Dynamic Loading
"SIDEMEN TURN £1 INTO £100,000 IN 24 HOURS CHALLENGE",12M views,2 years ago,Potential Delays or Dynamic Loading
"SIDEMEN $20,000 VS $200 HOTEL (EUROPE EDITION)",73M views,2 years ago,Potential Delays or Dynamic Loading
"SIDEMEN $100,000 vs $100 THEME PARK",19M views,2 years ago,Potential Delays or Dynamic Loading
"SIDEMEN $100,000 A-Z BUYING CHALLENGE",19M views,2 years ago,Potential Delays or Dynamic Loading
SIDEMEN ABANDONED IN EUROPE CHALLENGE,29M views,2 years ago,Potential Delays or Dynamic Loading
SIDEMEN GAME OF LIFE IN REAL LIFE,10M views,2 years ago,Potential Delays or Dynamic Loading
SIDEMEN SILENT LIBRARY 2,17M views,2 years ago,Potential Delays or Dynamic Loading
SIDEMEN RACE ACROSS EUROPE CHALLENGE,19M views,2 years ago,1:22:24
SIDEMEN ONE MILLION POUND DROP,15M views,2 years ago,1:02:11
SIDEMEN vs PREMIER LEAGUE GOALKEEPER,12M views,2 years ago,37:01
SIDEMEN THROW A DART AND GO WHERE IT LANDS,14M views,2 years ago,1:00:43
"SIDEMEN USA VS UK 40,000 CALORIES CHALLENGE",16M views,2 years ago,52:29
SIDEMEN LAS VEGAS FORFEIT HIDE AND SEEK,11M views,2 years ago,45:36
"SIDEMEN COMPLETE THIS CHALLENGE, WIN $10,000",6.3M views,2 years ago,55:28
SIDEMEN MUKBANG ON A BUS,13M views,2 years ago,1:23:28
THE CUBE: SIDEMEN EDITION,9.5M views,2 years ago,43:33
20 WOMEN VS 1 SIDEMEN: CALLUX EDITION,15M views,2 years ago,1:01:22
SIDEMEN FAMILY FEUD 2,16M views,2 years ago,56:55
"SIDEMEN THAT FINDS $250,000 LAMBORGHINI WINS IT",10M views,2 years ago,42:53
SIDEMEN DRINK ONE COLOUR FOR 24 HOURS CHALLENGE,16M views,2 years ago,1:02:15
"SIDEMEN HIDE AND SEEK IN $20,000,000 SPANISH MANSION",9.9M views,2 years ago,32:20
THE GREATEST SIDEMEN MOMENTS 2021,8.1M views,2 years ago,36:30
"SIDEMEN $10,000 vs $100 NEW YEARS EVE",17M views,2 years ago,1:23:11
SIDEMEN CHRISTMAS MUKBANG,10M views,2 years ago,Potential Delays or Dynamic Loading
20 WOMEN VS 1 SIDEMEN: KSI EDITION,27M views,2 years ago,Potential Delays or Dynamic Loading
"SIDEMEN $100,000 HOT VS COLD HOLIDAY",24M views,3 years ago,Potential Delays or Dynamic Loading
SIDEMEN PUB GOLF (EUROPE EDITION),19M views,3 years ago,Potential Delays or Dynamic Loading
SIDEMEN HIDE & SEEK IN THE WORLD'S BIGGEST TOY STORE,13M views,3 years ago,Potential Delays or Dynamic Loading
SIDEMEN EXTREME ROBOT WARS (BATTLE BOTS),7.5M views,3 years ago,Potential Delays or Dynamic Loading
"SIDEMEN $100,000 EXTREME TAG",16M views,3 years ago,Potential Delays or Dynamic Loading
SIDEMEN SILENT LIBRARY,21M views,3 years ago,Potential Delays or Dynamic Loading
SIDEMEN EXTREME BAKE OFF,18M views,3 years ago,Potential Delays or Dynamic Loading
SIDEMEN ABANDONED CHALLENGE,25M views,3 years ago,Potential Delays or Dynamic Loading
SIDEMEN WHO WANTS TO BE A MILLIONAIRE 2,28M views,3 years ago,Potential Delays or Dynamic Loading
SIDEMEN £500 CAR CHALLENGE,33M views,3 years ago,Potential Delays or Dynamic Loading
SIDEMEN HIDE AND SEEK IN A NUCLEAR BUNKER,12M views,3 years ago,Potential Delays or Dynamic Loading
SIDEMEN VS 100 KIDS FOOTBALL MATCH,26M views,3 years ago,Potential Delays or Dynamic Loading
"SIDEMEN $10,000 vs $100 CAMPING",35M views,3 years ago,Potential Delays or Dynamic Loading
SIDEMEN vs ONLYFANS OLYMPICS,18M views,3 years ago,Potential Delays or Dynamic Loading
"SIDEMEN $100 vs $10,000 BIRTHDAY PARTY",17M views,3 years ago,1:24:59
SIDEMEN SPEED DATING (EXTREME),12M views,3 years ago,49:01
WOMEN RATE THE MOST ATTRACTIVE SIDEMEN,17M views,3 years ago,1:23:18
SIDEMEN HOT TUB MUKBANG,14M views,3 years ago,1:21:41
SIDEMEN HIDE AND SEEK IN THE MOST EXPENSIVE HOUSE IN LONDON,15M views,3 years ago,40:31
SIDEMEN BUYING ONE COLOUR FOR 24 HOURS,23M views,3 years ago,1:19:36
SIDEMEN EXTREME PUNISHMENT POOL,18M views,3 years ago,57:32
SIDEMEN EXTREME FISHING vs LOGAN PAUL,24M views,3 years ago,1:06:05
"SIDEMEN SPEND $100,000 ON FANS",9M views,3 years ago,1:01:48
SIDEMEN HIDE AND SEEK ON A JUMBO JET,18M views,3 years ago,31:30
THE WHEEL: SIDEMEN EDITION,30M views,3 years ago,1:11:45
SIDEMEN GOGGLEBOX,13M views,3 years ago,43:56
SIDEMEN EXTREME COOK OFF,20M views,3 years ago,1:23:12
"SIDEMEN $10,000 VS $100 HOTEL",25M views,3 years ago,1:14:21
SIDEMEN VS ARSENAL WOMENS TEAM,28M views,3 years ago,34:50
"SIDEMEN IMPOSSIBLE $100,000 FOOTGOLF CHALLENGE",17M views,3 years ago,1:06:11
"SIDEMEN $10,000 vs $100 MUKBANG",20M views,3 years ago,Potential Delays or Dynamic Loading
SIDEMEN GUESS THE MILLIONAIRE,9.8M views,3 years ago,Potential Delays or Dynamic Loading
"SIDEMEN $50,000 A-Z DRINKING CHALLENGE (GONE WRONG)",19M views,3 years ago,Potential Delays or Dynamic Loading
SIDEMEN HIDE & SEEK IN A DUNGEON,10M views,3 years ago,Potential Delays or Dynamic Loading
SIDEMEN ARE YOU SMARTER THAN A 10 YEAR OLD,17M views,3 years ago,Potential Delays or Dynamic Loading
SIDEMEN MOST WEIGHT LOST IN 24 HOURS CHALLENGE,10M views,3 years ago,Potential Delays or Dynamic Loading
SIDEMEN ALL SPORTS GOLF BATTLE,15M views,3 years ago,Potential Delays or Dynamic Loading
SIDEMENS GOT TALENT,16M views,3 years ago,Potential Delays or Dynamic Loading
SIDEMEN CRYSTAL MAZE,9.5M views,3 years ago,Potential Delays or Dynamic Loading
SIDEMEN EAT FOOD FROM DIFFERENT COUNTRIES 24 HOURS CHALLENGE,33M views,3 years ago,Potential Delays or Dynamic Loading
SIDEMEN BARBER SHOP (GONE WRONG),12M views,3 years ago,Potential Delays or Dynamic Loading
20 WOMEN VS 1 SIDEMEN: HARRY EDITION,36M views,3 years ago,Potential Delays or Dynamic Loading
SIDEMEN WORLDS MOST EXPENSIVE MUKBANG,20M views,3 years ago,1:15:17
SIDEMEN GUESS THE FAKE COUPLE,11M views,3 years ago,51:05
SIDEMEN TINDER IN REAL LIFE 3,84M views,3 years ago,57:07
THE PRICE IS RIGHT: SIDEMEN EDITION,15M views,3 years ago,42:10
SIDEMEN HIDE AND SEEK IN A CASTLE,12M views,3 years ago,30:09
"SIDEMEN 100,000 CALORIE BATTLE - THE REMATCH!",22M views,3 years ago,54:09
"SIDEMEN HAVE 5 MINUTES TO SPEND $100,000",34M views,3 years ago,1:23:22
TOP 100 SIDEMEN MOMENTS 2020,7.2M views,3 years ago,52:57
SIDEMEN BIG FAT QUIZ OF THE YEAR 2020,15M views,3 years ago,1:03:12
SIDEMEN CHRISTMAS MUKBANG,18M views,3 years ago,1:28:49
SIDEMEN BLIND DATING 4,26M views,4 years ago,38:06
SIDEMEN HIDE AND SEEK IN BETA SQUAD HOUSE,21M views,4 years ago,40:20
THE WEAKEST LINK: SIDEMEN EDITION 2,23M views,4 years ago,46:23
SIDEMEN AMONG US IN REAL LIFE 2,21M views,4 years ago,47:46
"SIDEMEN 80,000 CALORIES BATTLE",16M views,4 years ago,52:39
SIDEMEN TRY EXPENSIVE VS CHEAP FOOD!,14M views,4 years ago,45:28
20 WOMEN VS 1 SIDEMEN: ETHAN EDITION,21M views,4 years ago,Potential Delays or Dynamic Loading
SIDEMEN AMONG US IN REAL LIFE,21M views,4 years ago,Potential Delays or Dynamic Loading
"SIDEMEN $50,000 TRIVIAL PURSUIT IN REAL LIFE!",15M views,4 years ago,Potential Delays or Dynamic Loading
"SIDEMEN $20,000 A-Z EATING CHALLENGE",24M views,4 years ago,Potential Delays or Dynamic Loading
"SIDEMEN $100,000 SPLIT OR STEAL",19M views,4 years ago,Potential Delays or Dynamic Loading
SIDEMEN DRINKING MUKBANG,21M views,4 years ago,Potential Delays or Dynamic Loading
SIDEMEN HIDE AND SEEK IN A PRISON,19M views,4 years ago,Potential Delays or Dynamic Loading
SIDEMEN FALL GUYS IN REAL LIFE,18M views,4 years ago,Potential Delays or Dynamic Loading
SIDEMEN PUB GOLF (GONE WRONG),29M views,4 years ago,Potential Delays or Dynamic Loading
"SIDEMEN $50,000 RACE ACROSS THE UK",18M views,4 years ago,Potential Delays or Dynamic Loading
SIDEMEN PUNISHMENT BASKETBALL,14M views,4 years ago,Potential Delays or Dynamic Loading
SIDEMEN EAT THE HOTTEST WINGS CHALLENGE,28M views,4 years ago,Potential Delays or Dynamic Loading
JEOPARDY: SIDEMEN EDITION,19M views,4 years ago,Potential Delays or Dynamic Loading
"SIDEMEN $10,000 vs $10 TAKEAWAY",12M views,4 years ago,Potential Delays or Dynamic Loading
"SIDEMEN SPEND $100,000 ON EACH OTHER IN 1 HOUR",29M views,4 years ago,Potential Delays or Dynamic Loading
SIDEMEN GO CAMPING,22M views,4 years ago,Potential Delays or Dynamic Loading
STRANGERS ROAST THE SIDEMEN 2,9.7M views,4 years ago,35:34
SIDEMEN 1 VS 100,15M views,4 years ago,1:01:37
SIDEMEN REUNITED MUKBANG,39M views,4 years ago,1:02:02
SIDEMEN vs W2S FOOTBALL CHALLENGE,16M views,4 years ago,22:55
"SIDEMEN $20,000 REAL LIFE BINGO IN LOCKDOWN",9M views,4 years ago,36:38
"SIDEMEN 70,000 CALORIES CHALLENGE IN LOCKDOWN",31M views,4 years ago,46:48
SIDEMEN GO BACK TO ONLINE SCHOOL,16M views,4 years ago,45:17
SIDEMEN BLIND DATING 3,20M views,4 years ago,50:02
SIDEMEN TALENT SHOW,10M views,4 years ago,37:50
SIDEMEN SPELLING BEE 2,18M views,4 years ago,39:43
SIDEMEN TINDER IN LOCKDOWN,15M views,4 years ago,42:02
SIDEMEN TIKTOK CHALLENGE,23M views,4 years ago,44:21
SIDEMEN LOCKDOWN SHOWDOWN,12M views,4 years ago,1:01:05
SIDEMEN LEARN 24 SKILLS IN 24 HOURS,15M views,4 years ago,1:11:14
SIDEMEN COME DINE WITH ME,24M views,4 years ago,1:44:02
THE END OF THE SIDEMEN CHANNEL,6.7M views,4 years ago,52:51
#StayHome,3M views,4 years ago,Potential Delays or Dynamic Loading
SIDEMEN ESCAPE ROOM,17M views,4 years ago,Potential Delays or Dynamic Loading
SIDEMEN PAINTBALL HIDE AND SEEK,14M views,4 years ago,Potential Delays or Dynamic Loading
SIDEMEN DRAGONS DEN (SHARK TANK),14M views,4 years ago,Potential Delays or Dynamic Loading
SIDEMEN TINDER IN REAL LIFE (UK YOUTUBE EDITION),70M views,4 years ago,Potential Delays or Dynamic Loading
SIDEMEN SPILL YOUR GUTS OR FILL YOUR GUTS,31M views,4 years ago,Potential Delays or Dynamic Loading
SIDEMEN MOST WEIGHT GAINED IN 24 HOURS CHALLENGE,30M views,4 years ago,Potential Delays or Dynamic Loading
SIDEMEN BLIND DATING 2,32M views,4 years ago,Potential Delays or Dynamic Loading
SIDEMEN MONOPOLY IN REAL LIFE,28M views,4 years ago,Potential Delays or Dynamic Loading
SIDEMEN HIDE & SEEK ON A PRIVATE ISLAND,18M views,4 years ago,Potential Delays or Dynamic Loading
SIDEMEN EATING ONE COLOUR FOOD FOR 24 HOURS CHALLENGE,27M views,4 years ago,Potential Delays or Dynamic Loading
SIDEMEN LIE DETECTOR,32M views,4 years ago,Potential Delays or Dynamic Loading
SIDEMEN 2019 REWIND,3.4M views,4 years ago,10:36
SIDEMEN BIG FAT QUIZ OF THE YEAR 2019,10M views,4 years ago,46:49
SIDEMEN CHRISTMAS COOK OFF,18M views,4 years ago,1:07:51
SIDEMEN MAKE A SONG IN 24 HOURS CHALLENGE,18M views,5 years ago,38:58
"SIDEMEN $10,000 vs $100 CHRISTMAS DAY",22M views,5 years ago,1:27:34
"SIDEMEN $50,000 TIPPING POINT",10M views,5 years ago,49:37
"SIDEMEN $10,000 REAL LIFE BINGO",16M views,5 years ago,55:04
"SIDEMEN 100,000 CALORIES IN 24 HOURS CHALLENGE (USA EDITION)",25M views,5 years ago,36:50
"SIDEMEN SPEND $100,000 IN 1 HOUR CHALLENGE",21M views,5 years ago,56:56
SIDEMEN SPEED DATING,30M views,5 years ago,48:04
"SIDEMEN $20,000 VS $200 HOLIDAY (EUROPE EDITION)",114M views,5 years ago,2:13:02
SIDEMEN ICE DUNK TANK CHALLENGE,16M views,5 years ago,21:29
THE ROAST OF THE SIDEMEN,44M views,5 years ago,29:06
SIDEMEN HIDE & SEEK IN A THEME PARK,19M views,5 years ago,39:35
"SIDEMEN $10,000 VS $100 ROAD TRIP",55M views,5 years ago,1:26:51
SIDEMEN WHEEL OF FORTUNE,20M views,5 years ago,1:07:31
SIDEMEN HANDCUFFED FOR 24 HOURS CHALLENGE,20M views,5 years ago,Potential Delays or Dynamic Loading
SIDEMEN FOOTBALL FEAR PONG,18M views,5 years ago,Potential Delays or Dynamic Loading
SIDEMEN SUMO OLYMPICS,9.8M views,5 years ago,Potential Delays or Dynamic Loading
SIDEMEN $15 MILLION MANSION REVERSE HIDE & SEEK,15M views,5 years ago,Potential Delays or Dynamic Loading
SIDEMEN TINDER IN REAL LIFE 2,66M views,5 years ago,Potential Delays or Dynamic Loading
SIDEMEN TOTAL WIPEOUT CHALLENGE,35M views,5 years ago,Potential Delays or Dynamic Loading
"SIDEMEN BURN 70,000 CALORIES IN 24 HOURS CHALLENGE",21M views,5 years ago,Potential Delays or Dynamic Loading
SIDEMEN BECOME PARENTS FOR 24 HOURS,27M views,5 years ago,Potential Delays or Dynamic Loading
THE CHASE: SIDEMEN EDITION (2019),30M views,5 years ago,Potential Delays or Dynamic Loading
SIDEMEN BLIND DATING,26M views,5 years ago,Potential Delays or Dynamic Loading
SIDEMEN HIDE & SEEK IN A FOOTBALL STADIUM,17M views,5 years ago,Potential Delays or Dynamic Loading
"SIDEMEN DONATE $10,000 TO TWITCH STREAMERS",9M views,5 years ago,Potential Delays or Dynamic Loading
"SIDEMEN $10,000 OUTFIT CHALLENGE",17M views,5 years ago,Potential Delays or Dynamic Loading
SIDEMEN GO BACK TO SCHOOL,44M views,5 years ago,Potential Delays or Dynamic Loading
SIDEMEN TINDER IN REAL LIFE (ORIGINAL EDITION),42M views,5 years ago,Potential Delays or Dynamic Loading
SIDEMEN STRENGTH TEST,25M views,5 years ago,Potential Delays or Dynamic Loading
SIDEMEN LEARN TO DANCE ft. JABBAWOCKEEZ,10M views,5 years ago,20:00
STRANGERS ROAST THE SIDEMEN,30M views,5 years ago,32:09
NIGAHIGA VS SIDEMEN - THE ULTIMATE CHALLENGE,8.7M views,5 years ago,21:32
SIDEMEN vs FAZE CROSSBAR CHALLENGE,24M views,5 years ago,11:27
SIDEMEN $20 MILLION FAZE HOUSE HIDE & SEEK,15M views,5 years ago,25:32
SIDEMEN SPORTS DAY,11M views,5 years ago,20:02
SIDEMEN BOX OF LIES,25M views,5 years ago,26:30
"SIDEMEN $10,000 VS $100 HOLIDAY",55M views,5 years ago,58:50
SIDEMEN GIANT INFLATABLE SLIP AND SLIDE CHALLENGE,10M views,5 years ago,24:52
SIDEMEN ONE QUESTION,7.4M views,5 years ago,23:57
SIDEMEN $900 MILLION CRUISE SHIP HIDE & SEEK!,17M views,5 years ago,26:54
SIDEMEN BREAK WORLD RECORDS,11M views,5 years ago,25:21
"SIDEMEN EAT 70,000 CALORIES IN 24 HOURS CHALLENGE",49M views,5 years ago,30:17
THE SIDEMEN BAKE OFF,39M views,5 years ago,40:34
SIDEMEN TRY JAMES CHARLES MAKE UP TUTORIAL,9.4M views,5 years ago,21:35
SIDEMEN REACT TO OLD VIDEOS 2,8.8M views,5 years ago,14:29
SIDEMEN ONE WORD INTERVIEW,23M views,5 years ago,Potential Delays or Dynamic Loading
SIDEMEN READ MEAN TWEETS 2,23M views,5 years ago,Potential Delays or Dynamic Loading
SIDEMEN TOP 100 BEST MOMENTS,18M views,5 years ago,Potential Delays or Dynamic Loading
SIDEMEN YOUTUBE AWARDS 2018,6.4M views,5 years ago,Potential Delays or Dynamic Loading
SIDEMEN SECRET SANTA!!!,17M views,5 years ago,Potential Delays or Dynamic Loading
SIDEMEN WINTER OLYMPICS,5.6M views,6 years ago,Potential Delays or Dynamic Loading
SIDEMEN CHRISTMAS FOOTBALL CHALLENGES,12M views,6 years ago,Potential Delays or Dynamic Loading
SHOCKING TRY NOT TO LAUGH CHALLENGE,20M views,6 years ago,Potential Delays or Dynamic Loading
SIDEMEN PUNISHMENT POOL (INSANE),17M views,6 years ago,Potential Delays or Dynamic Loading
SIDEMEN FAMILY FORTUNES,21M views,6 years ago,Potential Delays or Dynamic Loading
SIDEMEN REACT TO TEENS REACT TO SIDEMEN,10M views,6 years ago,Potential Delays or Dynamic Loading
SIDEMEN PUMPKIN CARVING CHALLENGE (GONE WRONG),8M views,6 years ago,Potential Delays or Dynamic Loading
HAUNTED CLOWN MAZE HIDE AND SEEK,8.4M views,6 years ago,45:16
EXTREME FORFEIT SIDEMEN QUIZ,17M views,6 years ago,21:19
SIDEMEN 6-A-SIDE FOOTBALL *HORRIFIC INJURY*,11M views,6 years ago,16:50
SIDEMEN NOT MY ARMS CHALLENGE!,7.3M views,6 years ago,28:07
HOW FAST CAN THE SIDEMEN RUN 100M? - SIDEMEN OLYMPICS,12M views,6 years ago,17:57
HOW WELL DO THE SIDEMEN KNOW EACH OTHER?,7.9M views,6 years ago,31:01
KSI VS THE SIDEMEN,21M views,6 years ago,6:06
SIDEMEN WHO WANTS TO BE A BILLIONAIRE,13M views,6 years ago,1:04:56
SIDEMEN SPELLING BEE,32M views,6 years ago,26:52
SIDEMEN EXTREME MINIGOLF,9.2M views,6 years ago,16:34
SIDEMEN CARPOOL DISS TRACK KARAOKE,22M views,6 years ago,36:39
SIDEMEN EXPLORE HAUNTED TUNNELS (WARNING),11M views,6 years ago,20:04
HOW HARD CAN THE SIDEMEN PUNCH?,31M views,6 years ago,15:02
SIDEMEN BOWLING (GONE WRONG),15M views,6 years ago,12:36
SIDEMEN WORLD CUP FOOTBALL CHALLENGES,21M views,6 years ago,12:40
SIDEMEN HIDE & SEEK IN WIRELESS FESTIVAL (GONE WRONG),10M views,6 years ago,24:13
THE WEAKEST LINK: SIDEMEN EDITION,22M views,6 years ago,Potential Delays or Dynamic Loading
SIDEMEN WORLD CUP WIPEOUT CHALLENGE,15M views,6 years ago,Potential Delays or Dynamic Loading
SIDEMEN GO TO SPACE | THE SIDEMEN SHOW,9.4M views,6 years ago,Potential Delays or Dynamic Loading
SIDEMEN RESCUE NICOLE SCHERZINGER | THE SIDEMEN SHOW,6.4M views,6 years ago,Potential Delays or Dynamic Loading
HUNTING THE SIDEMEN | THE SIDEMEN SHOW,7.3M views,6 years ago,Potential Delays or Dynamic Loading
SIDEMEN INVESTIGATE MOST HAUNTED HOUSE | THE SIDEMEN SHOW,9.6M views,6 years ago,Potential Delays or Dynamic Loading
THE GREAT SIDEMEN RACE | THE SIDEMEN SHOW,4.3M views,6 years ago,Potential Delays or Dynamic Loading
SIDEMEN WINTER SPORTS CHALLENGES | THE SIDEMEN SHOW,4.4M views,6 years ago,Potential Delays or Dynamic Loading
SIDEMEN EXTREME DESERT RACE *EXPLOSION* | THE SIDEMEN SHOW,22M views,6 years ago,Potential Delays or Dynamic Loading
BEST OF SIDEMEN SUNDAYS,3.9M views,6 years ago,Potential Delays or Dynamic Loading
SIDEMEN FC VS YOUTUBE ALLSTARS 2018 (Goals & Highlights),16M views,6 years ago,Potential Delays or Dynamic Loading
THE SIDEMEN SHOW (Official Trailer),1.5M views,6 years ago,Potential Delays or Dynamic Loading
THE SIDEMEN SHOW (Exclusive Teaser Trailer),1.6M views,6 years ago,Potential Delays or Dynamic Loading
SIDEMEN GIANT SLIP AND SLIDE FOOTBALL,32M views,6 years ago,Potential Delays or Dynamic Loading
SIDEMEN YOGA CHALLENGE,13M views,6 years ago,Potential Delays or Dynamic Loading
SIDEMEN HOMEMADE OLYMPICS,17M views,6 years ago,Potential Delays or Dynamic Loading
SIDEMEN DEAL OR NO DEAL,10M views,6 years ago,39:53
SIDEMEN $10 MILLION MANSION HIDE AND SEEK,16M views,6 years ago,18:07
SIDEMEN SUMO FIGHT,11M views,6 years ago,10:08
SIDEMEN: THE MOVIE (Official Trailer),6.5M views,6 years ago,3:05
SIDEMEN TOTAL WIPEOUT FOOTBALL CHALLENGE,21M views,6 years ago,10:59
SIDEMEN ANSWER THE MOST SEARCHED GOOGLE QUESTIONS,9.9M views,6 years ago,13:33
SIDEMEN ULTIMATE FOOTBALL CHALLENGE!,16M views,6 years ago,8:43
SIDEMEN SILENT CHALLENGE!,24M views,6 years ago,17:45
SIDEMEN GIANT FOOTBALL DARTS,22M views,6 years ago,14:30
SIDEMEN WHISPER CHALLENGE,11M views,6 years ago,13:43
EXTREME SIDEMEN FEAR PONG,16M views,6 years ago,15:56
SIDEMEN REACT TO OLD VIDEOS,19M views,6 years ago,15:43
SIDEMEN TRY NOT TO LAUGH CHALLENGE w/ JACK WHITEHALL,15M views,6 years ago,8:46
YOU LAUGH YOU LOSE - SIDEMEN DO BAD JOKES,16M views,6 years ago,7:55
"LOGAN PAUL, KSI VS JOE WELLER FIGHT, SIDEMEN DISS TRACKS",4.1M views,6 years ago,1:06:28
SIDEMEN READ MEAN TWEETS,15M views,6 years ago,5:32
SIDEMEN FC VS YOUTUBE ALLSTARS HIGHLIGHTS 2017,4.5M views,7 years ago,Potential Delays or Dynamic Loading
YOU MUST WATCH THIS BEFORE THE SIDEMEN MATCH!,1.4M views,7 years ago,Potential Delays or Dynamic Loading
SIDEMEN CROSSBAR CHALLENGE,13M views,7 years ago,Potential Delays or Dynamic Loading
THE LEGENDARY VIK AS ANY!,2.8M views,7 years ago,Potential Delays or Dynamic Loading
THE END OF SIDEMEN CLUBS?!,2.4M views,7 years ago,14:20
EXPOSING THE SIDEMEN!,2.6M views,7 years ago,14:30
SIMON IS QUITTING THE SIDEMEN?,3M views,7 years ago,13:31
THE SIDEMEN BEEF BEGINS (SDMN Clubs),2.9M views,7 years ago,10:03
KSI TROLLS THE SIDEMEN! (SDMN Clubs),3.5M views,7 years ago,12:44
SIDEMEN PRO CLUBS IS BACK!,4.3M views,7 years ago,12:21
SIDEMEN BOOK TOUR!,1.5M views,8 years ago,11:11
THE SIDEMEN AWARDS,2.9M views,8 years ago,45:55
FIRST EVER SIDEMEN PODCAST,4.1M views,8 years ago,1:01:51
SIDEMEN MANCHESTER MEET UP,1.3M views,8 years ago,3:03
SIDEMEN FACE PAINTING CHALLENGE,4.4M views,8 years ago,5:21
WELCOME TO THE SIDEMEN CHANNEL!,4.7M views,8 years ago,1:00
